{"mean": [0.14415574073791504, -2.9846481993445195e-05, 0.006552231032401323, 0.06357727199792862, 0.08517619222402573, 0.16065813601016998, 0.0, 0.0, 0.0, 0.7940112352371216, 0.07944293320178986, 0.0, 0.0, 0.12654584646224976, 0.0, 0.0, 0.0, 0.0, 7.709962368011475, 8.570459365844727, 0.014509902335703373, -0.076899953186512, 0.7703822255134583, -0.0366082526743412, -0.07671774923801422, -0.1638236790895462, -0.2092781662940979, -0.21457068622112274, -0.20888571441173553, 39.28102111816406, 0.7387228012084961, 0.0, 0.18052132427692413, 0.0, 0.0, 0.18052132427692413, 0.0, 0.0, 0.18052132427692413, 0.0, 0.0, 0.18052132427692413, 0.0, 0.0, 0.18052132427692413, 0.0, 0.0, 0.18052132427692413, 0.0, 0.0, 0.18052132427692413, 0.0, 0.0, 0.18052132427692413, 0.0, 0.0, 0.18052132427692413, 0.0, 0.0, 0.18052132427692413, 0.0, 0.0, 0.18052132427692413, 0.0, 0.0, 0.18052132427692413, 0.0, 0.0, 0.18052132427692413, 0.0, 0.0, 0.18052132427692413, 0.0, 0.0, 0.18052132427692413, 0.0, 0.0, 0.18052132427692413, 0.0, 0.0, 0.0, 0.0, 0.0, 0.0, 0.0, 0.0, 0.0, 0.0, 0.0, 0.0, 0.0, 0.0, 0.0, 0.0, 0.0, 0.0, 0.0, 0.0, 0.0, 0.0, 0.0, 0.0, 0.0, 0.0, 0.0, 0.0, 0.0, 0.0, 0.0, 0.0, 39.78445816040039, -5.758551597595215, 21.316919326782227, -5.840824604034424, 9.118569374084473, -9.23408317565918, 15.939581871032715, -14.427383422851562, 16.063007354736328, -14.46892261505127, 9.79428482055664, -9.660051345825195, 22.548559188842773, -5.902417182922363, 42.024314880371094, -5.6533942222595215, 0.18052132427692413, 0.8746051788330078, 0.9629461765289307, 1.0], "std": [0.14449189603328705, 0.011964404955506325, 0.267848938703537, 0.6775560975074768, 0.7277613878250122, 0.12645481526851654, 0.0010000000474974513, 0.0010000000474974513, 0.0010000000474974513, 0.40442556142807007, 0.2704310119152069, 0.0010000000474974513, 0.0010000000474974513, 0.332466185092926, 0.0010000000474974513, 0.0010000000474974513, 0.0010000000474974513, 0.0010000000474974513, 5.808711528778076, 6.697503566741943, 0.061608027666807175, 0.3586766719818115, 0.521493136882782, 4.0806989669799805, 5.076859951019287, 4.565385341644287, 0.8380414247512817, 0.8772442936897278, 0.9288272857666016, 1.5467143058776855, 0.4393341839313507, 0.0010000000474974513, 0.22121377289295197, 0.0010000000474974513, 0.0010000000474974513, 0.22121377289295197, 0.0010000000474974513, 0.0010000000474974513, 0.22121377289295197, 0.0010000000474974513, 0.0010000000474974513, 0.22121377289295197, 0.0010000000474974513, 0.0010000000474974513, 0.22121377289295197, 0.0010000000474974513, 0.0010000000474974513, 0.22121377289295197, 0.0010000000474974513, 0.0010000000474974513, 0.22121377289295197, 0.0010000000474974513, 0.0010000000474974513, 0.22121377289295197, 0.0010000000474974513, 0.0010000000474974513, 0.22121377289295197, 0.0010000000474974513, 0.0010000000474974513, 0.22121377289295197, 0.0010000000474974513, 0.0010000000474974513, 0.22121377289295197, 0.0010000000474974513, 0.0010000000474974513, 0.22121377289295197, 0.0010000000474974513, 0.0010000000474974513, 0.22121377289295197, 0.0010000000474974513, 0.0010000000474974513, 0.22121377289295197, 0.0010000000474974513, 0.0010000000474974513, 0.22121377289295197, 0.0010000000474974513, 0.0010000000474974513, 0.22121377289295197, 0.0010000000474974513, 0.0010000000474974513, 0.0010000000474974513, 0.0010000000474974513, 0.0010000000474974513, 0.0010000000474974513, 0.0010000000474974513, 0.0010000000474974513, 0.0010000000474974513, 0.0010000000474974513, 0.0010000000474974513, 0.0010000000474974513, 0.0010000000474974513, 0.0010000000474974513, 0.0010000000474974513, 0.0010000000474974513, 0.0010000000474974513, 0.0010000000474974513, 0.0010000000474974513, 0.0010000000474974513, 0.0010000000474974513, 0.0010000000474974513, 0.0010000000474974513, 0.0010000000474974513, 0.0010000000474974513, 0.0010000000474974513, 0.0010000000474974513, 0.0010000000474974513, 0.0010000000474974513, 0.0010000000474974513, 0.0010000000474974513, 0.0010000000474974513, 80.88292694091797, 22.101591110229492, 56.93154525756836, 24.93794059753418, 31.427967071533203, 37.281368255615234, 42.40964126586914, 41.93867874145508, 43.223411560058594, 42.849998474121094, 33.72560119628906, 39.171695709228516, 59.38800048828125, 25.285816192626953, 83.22026062011719, 22.05195426940918, 0.22121377289295197, 0.2733254134654999, 0.06279703229665756, 0.0010000000474974513], "channel_names": ["robot_state", "context", "path_geometry", "gcf_rosette", "critic_history", "obstacle_dynamics", "reynolds"], "channel_dims": [9, 9, 14, 48, 30, 16, 4]}