{"mean": [0.14415574073791504, -2.9846481993445195e-05, 0.006552231032401323, 0.06357727199792862, 0.08517619222402573, 0.16065813601016998, 0.0, 0.0, 0.0, 0.7940112352371216, 0.07944293320178986, 0.0, 0.0, 0.12654584646224976, 0.0, 0.0, 0.0, 0.0, 7.709962368011475, 8.570459365844727, 0.014509902335703373, -0.076899953186512, 0.7703822255134583, -0.0366082526743412, -0.07671774923801422, -0.1638236790895462, -0.2092781662940979, -0.21457068622112274, -0.20888571441173553, 39.28102111816406, 0.7387228012084961, 0.0, 0.18052132427692413, 0.0, 0.0, 0.18052132427692413, 0.0, 0.0, 0.18052132427692413, 0.0, 0.0, 0.18052132427692413, 0.0, 0.0, 0.18052132427692413, 0.0, 0.0, 0.18052132427692413, 0.0, 0.0, 0.18052132427692413, 0.0, 0.0, 0.18052132427692413, 0.0, 0.0, 0.18052132427692413, 0.0, 0.0, 0.18052132427692413, 0.0, 0.0, 0.18052132427692413, 0.0, 0.0, 0.18052132427692413, 0.0, 0.0, 0.18052132427692413, 0.0, 0.0, 0.18052132427692413, 0.0, 0.0, 0.18052132427692413, 0.0, 0.0, 0.18052132427692413, 0.0, 0.0, 889.0269165039062, 7136.63525390625, 2070.162841796875, 903.5455322265625, 7304.4208984375, 2117.0556640625, 918.71826171875, 7458.43603515625, 2160.989501953125, 905.2028198242188, 7302.9306640625, 2116.367431640625, 899.363525390625, 7215.50146484375, 2093.91650390625, 894.9716186523438, 7211.60498046875, 2090.445068359375, 894.7283935546875, 7217.9248046875, 2092.4462890625, 897.229736328125, 7225.4541015625, 2094.40673828125, 899.1149291992188, 7255.14794921875, 2103.120849609375, 900.2304077148438, 7274.2275390625, 2107.71728515625, 39.78445816040039, -5.758551597595215, 21.316919326782227, -5.840824604034424, 9.118569374084473, -9.23408317565918, 15.939581871032715, -14.427383422851562, 16.063007354736328, -14.46892261505127, 9.79428482055664, -9.660051345825195, 22.548559188842773, -5.902417182922363, 42.024314880371094, -5.6533942222595215], "std": [0.14449189603328705, 0.011964404955506325, 0.267848938703537, 0.6775560975074768, 0.7277613878250122, 0.12645481526851654, 0.0010000000474974513, 0.0010000000474974513, 0.0010000000474974513, 0.40442556142807007, 0.2704310119152069, 0.0010000000474974513, 0.0010000000474974513, 0.332466185092926, 0.0010000000474974513, 0.0010000000474974513, 0.0010000000474974513, 0.0010000000474974513, 5.808711528778076, 6.697503566741943, 0.061608027666807175, 0.3586766719818115, 0.521493136882782, 4.0806989669799805, 5.076859951019287, 4.565385341644287, 0.8380414247512817, 0.8772442936897278, 0.9288272857666016, 1.5467143058776855, 0.4393341839313507, 0.0010000000474974513, 0.22121377289295197, 0.0010000000474974513, 0.0010000000474974513, 0.22121377289295197, 0.0010000000474974513, 0.0010000000474974513, 0.22121377289295197, 0.0010000000474974513, 0.0010000000474974513, 0.22121377289295197, 0.0010000000474974513, 0.0010000000474974513, 0.22121377289295197, 0.0010000000474974513, 0.0010000000474974513, 0.22121377289295197, 0.0010000000474974513, 0.0010000000474974513, 0.22121377289295197, 0.0010000000474974513, 0.0010000000474974513, 0.22121377289295197, 0.0010000000474974513, 0.0010000000474974513, 0.22121377289295197, 0.0010000000474974513, 0.0010000000474974513, 0.22121377289295197, 0.0010000000474974513, 0.0010000000474974513, 0.22121377289295197, 0.0010000000474974513, 0.0010000000474974513, 0.22121377289295197, 0.0010000000474974513, 0.0010000000474974513, 0.22121377289295197, 0.0010000000474974513, 0.0010000000474974513, 0.22121377289295197, 0.0010000000474974513, 0.0010000000474974513, 0.22121377289295197, 0.0010000000474974513, 0.0010000000474974513, 0.22121377289295197, 0.0010000000474974513, 0.0010000000474974513, 2959.5087890625, 30994.845703125, 8928.6875, 3001.95947265625, 31715.619140625, 9107.4189453125, 2999.527099609375, 31738.552734375, 9120.9267578125, 2980.087646484375, 31389.72265625, 9022.8427734375, 2954.14501953125, 31267.58984375, 8986.73046875, 2953.785400390625, 31234.326171875, 8975.0361328125, 2951.393310546875, 31303.59765625, 8987.9375, 2926.789794921875, 31118.083984375, 8940.7822265625, 2963.815673828125, 31368.0703125, 9012.7470703125, 2935.247314453125, 31319.353515625, 8988.0576171875, 80.88292694091797, 22.101591110229492, 56.93154525756836, 24.93794059753418, 31.427967071533203, 37.281368255615234, 42.40964126586914, 41.93867874145508, 43.223411560058594, 42.849998474121094, 33.72560119628906, 39.171695709228516, 59.38800048828125, 25.285816192626953, 83.22026062011719, 22.05195426940918], "channel_names": ["robot_state", "context", "path_geometry", "gcf_rosette", "critic_history", "obstacle_dynamics"], "channel_dims": [9, 9, 14, 48, 30, 16]}