{"mean": [0.14415574073791504, -2.9846481993445195e-05, 0.006552231032401323, 0.06357727199792862, 0.08517619222402573, 0.16065813601016998, 0.0, 0.0, 0.0, 0.7940112352371216, 0.07944293320178986, 0.0, 0.0, 0.12654584646224976, 0.0, 0.0, 0.0, 0.0, 7.709962368011475, 8.570459365844727, 0.014509902335703373, -0.076899953186512, 0.7703822255134583, -0.0366082526743412, -0.07671774923801422, -0.1638236790895462, -0.2092781662940979, -0.21457068622112274, -0.20888571441173553, 39.28102111816406, 0.7387228012084961, 0.0, 0.18052132427692413, 0.0, 0.0, 0.18052132427692413, 0.0, 0.0, 0.18052132427692413, 0.0, 0.0, 0.18052132427692413, 0.0, 0.0, 0.18052132427692413, 0.0, 0.0, 0.18052132427692413, 0.0, 0.0, 0.18052132427692413, 0.0, 0.0, 0.18052132427692413, 0.0, 0.0, 0.18052132427692413, 0.0, 0.0, 0.18052132427692413, 0.0, 0.0, 0.18052132427692413, 0.0, 0.0, 0.18052132427692413, 0.0, 0.0, 0.18052132427692413, 0.0, 0.0, 0.18052132427692413, 0.0, 0.0, 0.18052132427692413, 0.0, 0.0, 0.18052132427692413, 0.0, 0.0, 0.0, 0.0, 0.0, 0.0, 0.0, 0.0, 0.0, 0.0, 0.0, 0.0, 0.0, 0.0, 0.0, 0.0, 0.0, 0.0, 0.0, 0.0, 0.0, 0.0, 0.0, 0.0, 0.0, 0.0, 0.0, 0.0, 0.0, 0.0, 0.0, 0.0, 39.78445816040039, -5.758551597595215, 21.316919326782227, -5.840824604034424, 9.118569374084473, -9.23408317565918, 15.939581871032715, -14.427383422851562, 16.063007354736328, -14.46892261505127, 9.79428482055664, -9.660051345825195, 22.548559188842773, -5.902417182922363, 42.024314880371094, -5.6533942222595215, 0.18052132427692413, 0.8746051788330078, 0.9629461765289307, 1.0, 1.1778392791748047, 0.3631410300731659, 111.30180358886719, 0.21714657545089722, 3.8762474060058594, 0.10789436101913452, 0.03624507412314415, 0.9973790049552917, 0.04321325570344925, 0.9989463090896606, 0.9032856225967407, 0.9964771270751953, 0.3696991205215454, 0.5657856464385986, 0.6184085607528687, 0.7076733112335205, 0.678818941116333, 0.7031182050704956, 0.5594897270202637, 0.6384743452072144, 0.3314129412174225, 0.447923868894577, 0.6552634835243225, 0.7340672016143799, 0.742662787437439, 0.7339103817939758, 0.6015872359275818, 0.7342681884765625, 0.0, 1.0, 0.0, 0.0, 7.996461868286133, 0.0, 1.0, 0.0, 0.0, 0.9995577335357666, 1.0, 1.0], "std": [0.14449189603328705, 0.011964404955506325, 0.267848938703537, 0.6775560975074768, 0.7277613878250122, 0.12645481526851654, 0.0010000000474974513, 0.0010000000474974513, 0.0010000000474974513, 0.40442556142807007, 0.2704310119152069, 0.0010000000474974513, 0.0010000000474974513, 0.332466185092926, 0.0010000000474974513, 0.0010000000474974513, 0.0010000000474974513, 0.0010000000474974513, 5.808711528778076, 6.697503566741943, 0.061608027666807175, 0.3586766719818115, 0.521493136882782, 4.0806989669799805, 5.076859951019287, 4.565385341644287, 0.8380414247512817, 0.8772442936897278, 0.9288272857666016, 1.5467143058776855, 0.4393341839313507, 0.0010000000474974513, 0.22121377289295197, 0.0010000000474974513, 0.0010000000474974513, 0.22121377289295197, 0.0010000000474974513, 0.0010000000474974513, 0.22121377289295197, 0.0010000000474974513, 0.0010000000474974513, 0.22121377289295197, 0.0010000000474974513, 0.0010000000474974513, 0.22121377289295197, 0.0010000000474974513, 0.0010000000474974513, 0.22121377289295197, 0.0010000000474974513, 0.0010000000474974513, 0.22121377289295197, 0.0010000000474974513, 0.0010000000474974513, 0.22121377289295197, 0.0010000000474974513, 0.0010000000474974513, 0.22121377289295197, 0.0010000000474974513, 0.0010000000474974513, 0.22121377289295197, 0.0010000000474974513, 0.0010000000474974513, 0.22121377289295197, 0.0010000000474974513, 0.0010000000474974513, 0.22121377289295197, 0.0010000000474974513, 0.0010000000474974513, 0.22121377289295197, 0.0010000000474974513, 0.0010000000474974513, 0.22121377289295197, 0.0010000000474974513, 0.0010000000474974513, 0.22121377289295197, 0.0010000000474974513, 0.0010000000474974513, 0.22121377289295197, 0.0010000000474974513, 0.0010000000474974513, 0.0010000000474974513, 0.0010000000474974513, 0.0010000000474974513, 0.0010000000474974513, 0.0010000000474974513, 0.0010000000474974513, 0.0010000000474974513, 0.0010000000474974513, 0.0010000000474974513, 0.0010000000474974513, 0.0010000000474974513, 0.0010000000474974513, 0.0010000000474974513, 0.0010000000474974513, 0.0010000000474974513, 0.0010000000474974513, 0.0010000000474974513, 0.0010000000474974513, 0.0010000000474974513, 0.0010000000474974513, 0.0010000000474974513, 0.0010000000474974513, 0.0010000000474974513, 0.0010000000474974513, 0.0010000000474974513, 0.0010000000474974513, 0.0010000000474974513, 0.0010000000474974513, 0.0010000000474974513, 0.0010000000474974513, 80.88292694091797, 22.101591110229492, 56.93154525756836, 24.93794059753418, 31.427967071533203, 37.281368255615234, 42.40964126586914, 41.93867874145508, 43.223411560058594, 42.849998474121094, 33.72560119628906, 39.171695709228516, 59.38800048828125, 25.285816192626953, 83.22026062011719, 22.05195426940918, 0.22121377289295197, 0.2733254134654999, 0.06279703229665756, 0.0010000000474974513, 2.0560848712921143, 0.2846713662147522, 71.2818374633789, 0.2448156625032425, 0.3423680067062378, 0.17821824550628662, 0.028008360415697098, 0.038464613258838654, 0.048272281885147095, 0.0010000000474974513, 0.09746873378753662, 0.05006212741136551, 0.47057461738586426, 0.4831926226615906, 0.46604034304618835, 0.4444667398929596, 0.45650219917297363, 0.446259468793869, 0.48461827635765076, 0.4701208770275116, 0.4629622995853424, 0.4895140826702118, 0.4640865623950958, 0.43049898743629456, 0.4246704876422882, 0.43252548575401306, 0.47940772771835327, 0.4312039017677307, 0.0010000000474974513, 0.0010000000474974513, 0.0010000000474974513, 0.0010000000474974513, 0.11151149868965149, 0.0010000000474974513, 0.0010000000474974513, 0.0010000000474974513, 0.0010000000474974513, 0.013938937336206436, 0.0010000000474974513, 0.0010000000474974513], "channel_names": ["robot_state", "context", "path_geometry", "gcf_rosette", "critic_history", "obstacle_dynamics", "reynolds", "slam_persistent"], "channel_dims": [9, 9, 14, 48, 30, 16, 4, 40]}